RMSE,Pearson Correlation,SSIM
1.2432119,0.7540639927991507,0.5826584313236749
