RMSE,Pearson Correlation,SSIM
1.0543209,0.8200799435518482,0.6817745312167905
