RMSE,Pearson Correlation,SSIM
0.6564304,0.9055594398579305,0.8465110883037612
