RMSE,Pearson Correlation,SSIM
0.90103835,0.9042618041865894,0.7830154497320994
