RMSE,Pearson Correlation,SSIM
0.92117834,0.9003844601750823,0.7815891533454039
