RMSE,Pearson Correlation,SSIM
0.6491538,0.9077036724726897,0.8491431076541025
