RMSE,Pearson Correlation,SSIM
1.2774825,0.7455160159298374,0.5666736945912322
