RMSE,Pearson Correlation,SSIM
0.66956043,0.910156075989368,0.8528980488805709
