RMSE,Pearson Correlation,SSIM
0.68258595,0.9077174861385847,0.8476265959337229
