RMSE,Pearson Correlation,SSIM
1.044391,0.8221122966140967,0.6866696015697439
