RMSE,Pearson Correlation,SSIM
1.3112133,0.7974002324157805,0.6249654728092864
