RMSE,Pearson Correlation,SSIM
1.4210905,0.7764059653373083,0.565029765761925
