RMSE,Pearson Correlation,SSIM
1.3020183,0.8024717081804423,0.6340531323763082
