RMSE,Pearson Correlation,SSIM
1.0257719,0.8451418450063503,0.7319463036975822
