RMSE,Pearson Correlation,SSIM
1.2619703,0.8039444827607083,0.6426670414891884
