RMSE,Pearson Correlation,SSIM
1.2448306,0.7918091231455314,0.6265111984504326
