RMSE,Pearson Correlation,SSIM
1.0137295,0.8474170084508411,0.7363025622736799
