RMSE,Pearson Correlation,SSIM
1.3048364,0.7754382270591499,0.6052191571817986
