RMSE,Pearson Correlation,SSIM
1.3510306,0.7111804900902295,0.5360073570966101
