RMSE,Pearson Correlation,SSIM
1.2936323,0.8126532676734352,0.5767284847817009
