RMSE,Pearson Correlation,SSIM
0.6498074,0.9080649701986273,0.846415808316614
