RMSE,Pearson Correlation,SSIM
0.9155115,0.8996976186282305,0.7602554098789174
