RMSE,Pearson Correlation,SSIM
0.64176184,0.9096480478247616,0.8492963483824085
