RMSE,Pearson Correlation,SSIM
1.2921026,0.7249738426754028,0.5693499207443498
