RMSE,Pearson Correlation,SSIM
0.6481949,0.911408107598119,0.8625381775369386
