RMSE,Pearson Correlation,SSIM
1.3401116,0.8107552850814687,0.5540587559309109
