RMSE,Pearson Correlation,SSIM
0.6416154,0.9136540002491627,0.8653643392291587
