RMSE,Pearson Correlation,SSIM
0.9348896,0.8958494709551319,0.7585048794479218
