RMSE,Pearson Correlation,SSIM
1.4024199,0.7939085765942913,0.6071542493946738
