RMSE,Pearson Correlation,SSIM
1.9056044,0.7572352803373072,0.4222426478297206
