RMSE,Pearson Correlation,SSIM
1.628044,0.7603250922458756,0.4887079933160052
