RMSE,Pearson Correlation,SSIM
1.8450847,0.7671206453704026,0.4474937402929444
