RMSE,Pearson Correlation,SSIM
1.0161285,0.8469528799235417,0.7344231588748048
