RMSE,Pearson Correlation,SSIM
1.0069073,0.8493808736750518,0.7369787313233888
