RMSE,Pearson Correlation,SSIM
1.2338674,0.7914913329632354,0.642706988760643
