RMSE,Pearson Correlation,SSIM
1.3213676,0.7731573368424648,0.6044303165968318
