RMSE,Pearson Correlation,SSIM
0.6299653,0.9133588114540043,0.8705146182745808
