RMSE,Pearson Correlation,SSIM
0.8618631,0.9079754534221757,0.8041505451604127
