RMSE,Pearson Correlation,SSIM
0.6369841,0.9110219001907931,0.8675970265087801
