RMSE,Pearson Correlation,SSIM
0.6412145,0.9094114217399174,0.8502426841227125
