RMSE,Pearson Correlation,SSIM
1.0167022,0.8252704111346005,0.7062489316671976
