RMSE,Pearson Correlation,SSIM
1.1678977,0.7653054879752361,0.6384122739638417
