RMSE,Pearson Correlation,SSIM
1.2669934,0.7471769724953141,0.5759467736747395
