RMSE,Pearson Correlation,SSIM
0.9069252,0.9018612080213869,0.7906069923514484
