RMSE,Pearson Correlation,SSIM
0.6495246,0.9077324630636417,0.8472298185541651
