RMSE,Pearson Correlation,SSIM
0.9966297,0.8255053134731678,0.7197188658734981
