RMSE,Pearson Correlation,SSIM
1.1989797,0.8012554427405701,0.6672071461343475
