RMSE,Pearson Correlation,SSIM
1.2861813,0.7767761544653585,0.6241241376370167
