RMSE,Pearson Correlation,SSIM
1.0094776,0.847524910650401,0.7458819780479213
