RMSE,Pearson Correlation,SSIM
1.0584716,0.8269224204822405,0.738829671894643
