RMSE,Pearson Correlation,SSIM
0.99814004,0.8501576599798881,0.7500293224173726
