RMSE,Pearson Correlation,SSIM
1.1925414,0.7975477618197114,0.6689480983551215
