RMSE,Pearson Correlation,SSIM
1.0585546,0.8244124156917303,0.7431049290943448
