RMSE,Pearson Correlation,SSIM
1.0975202,0.819433455489729,0.717521368425379
