RMSE,Pearson Correlation,SSIM
0.62882876,0.9136937926944306,0.8714731917747667
