RMSE,Pearson Correlation,SSIM
1.026594,0.8229630071961638,0.6977603172433275
