RMSE,Pearson Correlation,SSIM
0.6396637,0.9097028207171929,0.8518489361304471
