RMSE,Pearson Correlation,SSIM
0.9089841,0.9015608645601947,0.7892012987825857
