RMSE,Pearson Correlation,SSIM
1.0170624,0.8255413944388496,0.7019081823709403
