RMSE,Pearson Correlation,SSIM
1.271376,0.74552031399261,0.5627981716830017
