RMSE,Pearson Correlation,SSIM
0.647739,0.9080920620833843,0.8490112047709604
