RMSE,Pearson Correlation,SSIM
0.63574904,0.9114130350404368,0.8686095847404276
