RMSE,Pearson Correlation,SSIM
1.2520932,0.7500783596336114,0.5701861273215774
