RMSE,Pearson Correlation,SSIM
0.89350474,0.9045500421037075,0.7889319848813838
