RMSE,Pearson Correlation,SSIM
1.1242278,0.8186766763211593,0.6991997414561858
