RMSE,Pearson Correlation,SSIM
1.2457986,0.7965748080860877,0.6173939265963517
