RMSE,Pearson Correlation,SSIM
0.99755657,0.8503975918898148,0.7502142004386502
