RMSE,Pearson Correlation,SSIM
1.1282521,0.8191531838561223,0.7015455338565134
