RMSE,Pearson Correlation,SSIM
1.0087963,0.8478026189594479,0.7460948830235029
