RMSE,Pearson Correlation,SSIM
1.3020723,0.7763201001188034,0.6064341042542768
