RMSE,Pearson Correlation,SSIM
1.2125483,0.806362649817456,0.6316255661041077
