RMSE,Pearson Correlation,SSIM
1.2499275,0.7903397588057319,0.6249733856868959
