RMSE,Pearson Correlation,SSIM
1.2934573,0.7444975724859709,0.5619008014439926
