RMSE,Pearson Correlation,SSIM
0.6676633,0.904047460575803,0.8402015127906627
