RMSE,Pearson Correlation,SSIM
0.8935858,0.9044077954983263,0.7815745668077481
