RMSE,Pearson Correlation,SSIM
1.0472606,0.8199424544910687,0.6855981864427164
