RMSE,Pearson Correlation,SSIM
0.65486467,0.910056099638396,0.8580823831223071
