RMSE,Pearson Correlation,SSIM
0.6638579,0.9076051168605274,0.85433681185398
