RMSE,Pearson Correlation,SSIM
0.6610252,0.9061182864063897,0.8429708054019608
