RMSE,Pearson Correlation,SSIM
0.9141832,0.9008145580067696,0.7800019896907245
