RMSE,Pearson Correlation,SSIM
1.0399894,0.8220183705909091,0.689214769055556
