RMSE,Pearson Correlation,SSIM
1.2604119,0.753357041805783,0.5775315116696493
