RMSE,Pearson Correlation,SSIM
1.40291,0.7882157020324547,0.5848977257585856
