RMSE,Pearson Correlation,SSIM
1.2440691,0.7919628718501804,0.6301064134088523
