RMSE,Pearson Correlation,SSIM
1.4815749,0.7705327495165679,0.5400247621125923
