RMSE,Pearson Correlation,SSIM
1.3464725,0.7979225566706092,0.6210751242669684
