RMSE,Pearson Correlation,SSIM
1.0225897,0.8455700598494482,0.7347689249453795
