RMSE,Pearson Correlation,SSIM
1.3221694,0.7980105483085274,0.6276433441896268
