RMSE,Pearson Correlation,SSIM
1.0115502,0.8478536499431435,0.738703195361448
