RMSE,Pearson Correlation,SSIM
1.311271,0.7750517743670118,0.6065588869312666
