RMSE,Pearson Correlation,SSIM
0.8611491,0.9079723171620564,0.8025941031472374
