RMSE,Pearson Correlation,SSIM
0.6405212,0.9093609331692709,0.8521622265693534
