RMSE,Pearson Correlation,SSIM
0.636605,0.9110522901247621,0.8691298771610197
