RMSE,Pearson Correlation,SSIM
0.62978274,0.9133177170423009,0.8719727825169503
