RMSE,Pearson Correlation,SSIM
1.1708577,0.7630825236891037,0.6401225675337889
