RMSE,Pearson Correlation,SSIM
1.2699296,0.7455498312989188,0.5798265871258009
