RMSE,Pearson Correlation,SSIM
0.9026477,0.9018511270691113,0.7888778931841703
