RMSE,Pearson Correlation,SSIM
0.99678856,0.8255258956495451,0.7212937653559531
