RMSE,Pearson Correlation,SSIM
0.64846814,0.9077821451125495,0.8493951565635631
