RMSE,Pearson Correlation,SSIM
1.0186251,0.8253651312106819,0.7076313368588203
