RMSE,Pearson Correlation,SSIM
1.0100659,0.847514810604813,0.7432458839047139
