RMSE,Pearson Correlation,SSIM
1.0595059,0.8244646246289727,0.7410262357289054
