RMSE,Pearson Correlation,SSIM
1.1929994,0.797693761330112,0.6681819475109497
