RMSE,Pearson Correlation,SSIM
1.1689423,0.8068458224457344,0.6802885066590056
