RMSE,Pearson Correlation,SSIM
1.0950204,0.819688291743241,0.7165518978139737
