RMSE,Pearson Correlation,SSIM
0.99890584,0.8500954439109009,0.7474057819091885
