RMSE,Pearson Correlation,SSIM
1.041012,0.8318966459149539,0.74810237024912
