RMSE,Pearson Correlation,SSIM
1.2857897,0.7770708160497268,0.6236890361232533
