RMSE,Pearson Correlation,SSIM
0.9092404,0.9015727828486316,0.787092501104409
