RMSE,Pearson Correlation,SSIM
0.90894324,0.8458181233410464,0.7949122214760442
