RMSE,Pearson Correlation,SSIM
0.8944185,0.9045231049847888,0.7866224376066663
