RMSE,Pearson Correlation,SSIM
1.1679131,0.7744964070669353,0.6824714199042052
