RMSE,Pearson Correlation,SSIM
0.9118691,0.8440314922137263,0.7926731884600493
