RMSE,Pearson Correlation,SSIM
1.1536596,0.778681143245128,0.6878906034214629
