RMSE,Pearson Correlation,SSIM
1.3087401,0.73401190934993,0.5248800401261582
