RMSE,Pearson Correlation,SSIM
1.3268157,0.7287447111447076,0.517756141380814
