RMSE,Pearson Correlation,SSIM
1.2570142,0.7485058697147056,0.5886132921323977
