RMSE,Pearson Correlation,SSIM
0.9974529,0.8253995171601247,0.7191259731630996
