RMSE,Pearson Correlation,SSIM
0.8996699,0.9020903717304941,0.7885627351715564
