RMSE,Pearson Correlation,SSIM
1.0135832,0.8254876779468365,0.7081198208116588
