RMSE,Pearson Correlation,SSIM
0.64088243,0.9092364435243206,0.8522672422693998
