RMSE,Pearson Correlation,SSIM
1.1512706,0.7728317492403376,0.650734722259557
