RMSE,Pearson Correlation,SSIM
0.62989473,0.913246749820822,0.8709722801444685
