RMSE,Pearson Correlation,SSIM
0.8620354,0.9079237205474558,0.8014727208918997
