RMSE,Pearson Correlation,SSIM
0.6365861,0.9110197830049005,0.8681855053433948
