RMSE,Pearson Correlation,SSIM
0.64880985,0.9076634971655247,0.849497070244197
