RMSE,Pearson Correlation,SSIM
1.288378,0.7764543508851693,0.6236279492156773
