RMSE,Pearson Correlation,SSIM
1.0641896,0.8237098082421284,0.7388745829514567
