RMSE,Pearson Correlation,SSIM
1.1798093,0.8016595001690815,0.6794097754053997
