RMSE,Pearson Correlation,SSIM
1.0960212,0.8195444208218725,0.719133623032539
