RMSE,Pearson Correlation,SSIM
1.0095295,0.8475610771064994,0.746819995282514
