RMSE,Pearson Correlation,SSIM
0.9984396,0.8500776007688843,0.7508209238129784
