RMSE,Pearson Correlation,SSIM
1.0588416,0.8241165493091092,0.7434337782654338
