RMSE,Pearson Correlation,SSIM
1.1955185,0.7968184399293811,0.6676585413962434
