RMSE,Pearson Correlation,SSIM
1.2743459,0.7445189459132895,0.5766781127288205
