RMSE,Pearson Correlation,SSIM
0.90209305,0.9020811893328662,0.7872342539861963
