RMSE,Pearson Correlation,SSIM
1.1534879,0.7721456254368031,0.6471671856765716
