RMSE,Pearson Correlation,SSIM
0.6363115,0.9110679103951186,0.868874004791499
