RMSE,Pearson Correlation,SSIM
0.8941599,0.9045317171696067,0.787824002465749
