RMSE,Pearson Correlation,SSIM
0.6408505,0.9094138901609683,0.8508005612689048
