RMSE,Pearson Correlation,SSIM
1.0187271,0.8253427624715328,0.7078783814767677
