RMSE,Pearson Correlation,SSIM
0.9971086,0.8254354668344025,0.7210570229217499
