RMSE,Pearson Correlation,SSIM
0.62944746,0.9133392444646624,0.8717066315123955
