RMSE,Pearson Correlation,SSIM
0.649077,0.9077559787978066,0.847870340794075
