RMSE,Pearson Correlation,SSIM
1.2889173,0.7765732527272262,0.6238470313944026
