RMSE,Pearson Correlation,SSIM
0.988594,0.8493538401292029,0.7574390143517481
