RMSE,Pearson Correlation,SSIM
1.0999063,0.8193227998194069,0.7173214141521502
