RMSE,Pearson Correlation,SSIM
1.191709,0.7974691977388357,0.6695011678249054
