RMSE,Pearson Correlation,SSIM
0.99431854,0.8506029560231539,0.752690017017146
