RMSE,Pearson Correlation,SSIM
1.0511192,0.8292449431600534,0.7412635672179202
