RMSE,Pearson Correlation,SSIM
1.1615479,0.8074035730049863,0.6828834546845054
