RMSE,Pearson Correlation,SSIM
1.0592858,0.8241801816291817,0.7427889870483294
