RMSE,Pearson Correlation,SSIM
1.3924081,0.8014045201771857,0.5297546044614495
