RMSE,Pearson Correlation,SSIM
0.93522364,0.895990063763478,0.7560789984483662
