RMSE,Pearson Correlation,SSIM
0.640695,0.9114281373414228,0.8652867629291379
