RMSE,Pearson Correlation,SSIM
1.3126144,0.7242870362176942,0.5536267899984401
