RMSE,Pearson Correlation,SSIM
0.6448172,0.9096734359969515,0.8476770313969184
