RMSE,Pearson Correlation,SSIM
0.92287195,0.8989999477061936,0.7535885267642402
