RMSE,Pearson Correlation,SSIM
0.6340936,0.9136495131716407,0.8680847102430995
