RMSE,Pearson Correlation,SSIM
1.3699391,0.7093468752375937,0.522144272939306
