RMSE,Pearson Correlation,SSIM
0.65301096,0.9080491715329035,0.8446886516261992
