RMSE,Pearson Correlation,SSIM
1.4341011,0.7988304505683305,0.5091422442976745
