RMSE,Pearson Correlation,SSIM
1.2342377,0.7913627661592125,0.6394651076798425
