RMSE,Pearson Correlation,SSIM
1.8676463,0.760488307014509,0.43633020016576196
