RMSE,Pearson Correlation,SSIM
1.3847234,0.7951397074928773,0.6138064409239644
