RMSE,Pearson Correlation,SSIM
1.3172859,0.7736521053877408,0.6048412576208652
