RMSE,Pearson Correlation,SSIM
1.5893266,0.7647045005715097,0.5059457179041122
