RMSE,Pearson Correlation,SSIM
1.0177814,0.847803210764655,0.7365709794299239
