RMSE,Pearson Correlation,SSIM
1.8176937,0.7693889183120066,0.45882751120318027
