RMSE,Pearson Correlation,SSIM
1.0069723,0.8504561659329961,0.7407657135910541
