RMSE,Pearson Correlation,SSIM
0.6552747,0.9064531734734764,0.84549491917364
