RMSE,Pearson Correlation,SSIM
0.6741162,0.9081402698220693,0.8519573371315585
