RMSE,Pearson Correlation,SSIM
1.05076,0.8206043515312224,0.6824813247478274
