RMSE,Pearson Correlation,SSIM
0.6623102,0.9105674407001634,0.8567687094595547
