RMSE,Pearson Correlation,SSIM
0.66281563,0.9041603431662354,0.8425493454064767
