RMSE,Pearson Correlation,SSIM
0.91775715,0.9004181478975588,0.7819244574850611
