RMSE,Pearson Correlation,SSIM
1.3221493,0.7402925449236492,0.5381620939638897
