RMSE,Pearson Correlation,SSIM
1.2978783,0.7479881881806322,0.5496623095488701
