RMSE,Pearson Correlation,SSIM
0.89676774,0.9041867415545087,0.7829170651343236
