RMSE,Pearson Correlation,SSIM
1.0423001,0.8226709148138913,0.6866066060319636
