RMSE,Pearson Correlation,SSIM
1.2624067,0.8075105017605884,0.6467964469788039
