RMSE,Pearson Correlation,SSIM
1.0193523,0.8459027608291037,0.7379359071479136
