RMSE,Pearson Correlation,SSIM
1.2251794,0.8086453183734685,0.6544595009624616
