RMSE,Pearson Correlation,SSIM
1.439933,0.7846820892484933,0.5726073639279631
