RMSE,Pearson Correlation,SSIM
1.3041713,0.7756364641052411,0.6036557003705458
