RMSE,Pearson Correlation,SSIM
1.5456111,0.7638107879355994,0.5149032094991948
