RMSE,Pearson Correlation,SSIM
1.0084082,0.8480907764876562,0.7419801594683474
