RMSE,Pearson Correlation,SSIM
1.242841,0.7922398261383425,0.626625569358472
